<?xml version="1.0"?>
<!DOCTYPE hibernate-mapping PUBLIC "-//Hibernate/Hibernate Mapping DTD 3.0//EN"
"http://www.hibernate.org/dtd/hibernate-mapping-3.0.dtd">
<!-- Generated Mar 4, 2019, 5:23:52 PM by Hibernate Tools 4.3.1 -->
<hibernate-mapping>
    <class name="entity.Address" table="ADDRESS" schema="PRUEBA" optimistic-lock="version">
        <id name="addressid" type="big_decimal">
            <column name="ADDRESSID" precision="22" scale="0" />
            <generator class="assigned" />
        </id>
        <property name="street" type="string">
            <column name="STREET" not-null="true" />
        </property>
        <property name="city" type="string">
            <column name="CITY" length="100" not-null="true" />
        </property>
        <property name="province" type="string">
            <column name="PROVINCE" length="100" not-null="true" />
        </property>
        <property name="country" type="string">
            <column name="COUNTRY" length="100" not-null="true" />
        </property>
        <property name="postcode" type="string">
            <column name="POSTCODE" length="50" not-null="true" />
        </property>
        <set name="employees" table="EMPLOYEE" inverse="true" lazy="true" fetch="select">
            <key>
                <column name="ADDRESSID" precision="22" scale="0" />
            </key>
            <one-to-many class="entity.Employee" />
        </set>
    </class>
</hibernate-mapping>
