<?xml version="1.0"?>
<!DOCTYPE hibernate-mapping PUBLIC "-//Hibernate/Hibernate Mapping DTD 3.0//EN"
"http://www.hibernate.org/dtd/hibernate-mapping-3.0.dtd">
<!-- Generated Mar 4, 2019, 5:23:52 PM by Hibernate Tools 4.3.1 -->
<hibernate-mapping>
    <class name="entity.Projectemployee" table="PROJECTEMPLOYEE" schema="PRUEBA" optimistic-lock="version">
        <composite-id name="id" class="entity.ProjectemployeeId">
            <key-property name="projectid" type="big_decimal">
                <column name="PROJECTID" precision="22" scale="0" />
            </key-property>
            <key-property name="employeeid" type="big_decimal">
                <column name="EMPLOYEEID" precision="22" scale="0" />
            </key-property>
        </composite-id>
        <many-to-one name="employee" class="entity.Employee" update="false" insert="false" fetch="select">
            <column name="EMPLOYEEID" precision="22" scale="0" />
        </many-to-one>
        <many-to-one name="proyecto" class="entity.Proyecto" update="false" insert="false" fetch="select">
            <column name="PROJECTID" precision="22" scale="0" />
        </many-to-one>
    </class>
</hibernate-mapping>
