<?xml version="1.0" encoding="UTF-8"?>
<project-private xmlns="http://www.netbeans.org/ns/project-private/1">
    <editor-bookmarks xmlns="http://www.netbeans.org/ns/editor-bookmarks/2" lastBookmarkId="0"/>
    <open-files xmlns="http://www.netbeans.org/ns/projectui-open-files/2">
        <group>
            <file>file:/C:/Users/mfsan/Documents/NetBeansProjects/JPA/src/views/EmployeeView.java</file>
            <file>file:/C:/Users/mfsan/Documents/NetBeansProjects/JPA/src/views/ProjectView.java</file>
            <file>file:/C:/Users/mfsan/Documents/NetBeansProjects/JPA/src/views/AddressView.java</file>
            <file>file:/C:/Users/mfsan/Documents/NetBeansProjects/JPA/src/jpa/JPA.java</file>
            <file>file:/C:/Users/mfsan/Documents/NetBeansProjects/JPA/src/views/PhoneView.java</file>
            <file>file:/C:/Users/mfsan/Documents/NetBeansProjects/JPA/src/views/MenuView.java</file>
        </group>
    </open-files>
</project-private>
